-- ============================================================
--  STUPIFY E-COMMERCE DATABASE  -  SAMPLE DATA
--  Generated by: Claude Sonnet (claude-sonnet-4-20250514)
--  Insertion order respects all foreign key dependencies
--  Total rows: 1,109 | Pakistan-based e-commerce context
-- ============================================================

USE stupify;

-- ============================================================
-- 1. CATEGORY (15 rows)
--    Parent of: product
--    No foreign keys  -  insert first
-- ============================================================
INSERT INTO category (category_name) VALUES
('Electronics'),
('Mobile Phones & Accessories'),
('Clothing & Apparel'),
('Footwear'),
('Home & Kitchen'),
('Books & Stationery'),
('Beauty & Personal Care'),
('Sports & Fitness'),
('Groceries & Food'),
('Toys & Games'),
('Furniture'),
('Automotive'),
('Health & Medicine'),
('Jewellery & Watches'),
('Bags & Luggage');

INSERT INTO postal_code (postal_code, city, country) VALUES
('54000', 'Lahore',      'Pakistan'),
('75500', 'Karachi',     'Pakistan'),
('44000', 'Islamabad',   'Pakistan'),
('25000', 'Peshawar',    'Pakistan'),
('60000', 'Multan',      'Pakistan'),
('38000', 'Faisalabad',  'Pakistan'),
('76000', 'Hyderabad',   'Pakistan'),
('67000', 'Sukkur',      'Pakistan'),
('58000', 'Bahawalpur',  'Pakistan'),
('46000', 'Gujranwala',  'Pakistan'),
('47600', 'Sialkot',     'Pakistan'),
('51000', 'Gujrat',      'Pakistan'),
('66000', 'Larkana',     'Pakistan'),
('35200', 'Sargodha',    'Pakistan'),
('57000', 'Sahiwal',     'Pakistan'),
('87300', 'Quetta',      'Pakistan'),
('10000', 'Muzaffarabad','Pakistan'),
('13000', 'Mirpur',      'Pakistan'),
('45000', 'Rawalpindi',  'Pakistan'),
('33000', 'Jhang',       'Pakistan');

INSERT INTO shipping_method (method_name, shipping_cost) VALUES
('Standard',      200.00),
('Express',       450.00),
('Overnight',     800.00),
('Free Shipping',   0.00);

INSERT INTO customer (customer_name, phone, email) VALUES
('Ali Hassan',          '03001234567', 'ali.hassan@gmail.com'),
('Fatima Malik',        '03011234568', 'fatima.malik@yahoo.com'),
('Usman Tariq',         '03211234569', 'usman.tariq@hotmail.com'),
('Ayesha Siddiqui',     '03331234570', 'ayesha.sid@gmail.com'),
('Muhammad Bilal',      '03451234571', 'mbilal92@gmail.com'),
('Zara Ahmed',          '03061234572', 'zara.ahmed@outlook.com'),
('Hamza Khan',          '03121234573', 'hamzakhan@gmail.com'),
('Sana Iqbal',          '03221234574', 'sana.iqbal@yahoo.com'),
('Imran Butt',          '03431234575', 'imranbutt@gmail.com'),
('Nadia Rehman',        '03051234576', 'nadia.rehman@gmail.com'),
('Tariq Jameel',        '03001234577', 'tariqj@hotmail.com'),
('Mehwish Hayat',       '03111234578', 'mehwish.h@gmail.com'),
('Asad Zaman',          '03211234579', 'asad.zaman@gmail.com'),
('Hina Altaf',          '03341234580', 'hina.altaf@yahoo.com'),
('Bilal Chaudhry',      '03451234581', 'bilalch@gmail.com'),
('Rabia Noor',          '03061234582', 'rabia.noor@gmail.com'),
('Junaid Jamshed',      '03121234583', 'junaidj@outlook.com'),
('Saima Waheed',        '03221234584', 'saima.waheed@gmail.com'),
('Kamran Akmal',        '03431234585', 'kamranakmal@gmail.com'),
('Amna Baig',           '03051234586', 'amna.baig@gmail.com'),
('Faisal Qureshi',      '03001234587', 'faisalq@yahoo.com'),
('Iqra Aziz',           '03111234588', 'iqra.aziz@gmail.com'),
('Shahid Afridi',       '03211234589', 'shahidafridi@gmail.com'),
('Maryam Nawaz',        '03341234590', 'maryam.n@hotmail.com'),
('Waqar Younis',        '03451234591', 'waqaryounis@gmail.com'),
('Aisha Farooq',        '03061234592', 'aisha.farooq@gmail.com'),
('Rizwan Ahmed',        '03121234593', 'rizwan.ahmed@yahoo.com'),
('Kiran Akhtar',        '03221234594', 'kiran.akhtar@gmail.com'),
('Nabeel Zafar',        '03431234595', 'nabeel.zafar@gmail.com'),
('Mariam Asif',         '03051234596', 'mariam.asif@outlook.com'),
('Hassan Raza',         '03001234597', 'hassan.raza@gmail.com'),
('Zainab Ali',          '03111234598', 'zainab.ali@gmail.com'),
('Adil Hussain',        '03211234599', 'adil.hussain@yahoo.com'),
('Sobia Nasir',         '03341234600', 'sobia.nasir@gmail.com'),
('Omer Farooq',         '03451234601', 'omer.farooq@gmail.com'),
('Huma Amir',           '03061234602', 'huma.amir@gmail.com'),
('Talha Riaz',          '03121234603', 'talha.riaz@hotmail.com'),
('Mahnoor Baig',        '03221234604', 'mahnoor.baig@gmail.com'),
('Shoaib Malik',        '03431234605', 'shoaib.malik@yahoo.com'),
('Rukhsar Rehman',      '03051234606', 'rukhsar.r@gmail.com'),
('Danial Shah',         '03001234607', 'danial.shah@gmail.com'),
('Lubna Saleem',        '03111234608', 'lubna.saleem@gmail.com'),
('Waseem Akram',        '03211234609', 'waseem.akram@yahoo.com'),
('Farah Nadeem',        '03341234610', 'farah.nadeem@gmail.com'),
('Jawad Ahmed',         '03451234611', 'jawad.ahmed@gmail.com'),
('Noor Fatima',         '03061234612', 'noorfatima@outlook.com'),
('Salman Khan',         '03121234613', 'salman.khan.pk@gmail.com'),
('Tania Mirza',         '03221234614', 'tania.mirza@gmail.com'),
('Haroon Rashid',       '03431234615', 'haroon.rashid@yahoo.com'),
('Sadia Islam',         '03051234616', 'sadia.islam@gmail.com'),
('Ahsan Iqbal',         '03001234617', 'ahsan.iqbal@gmail.com'),
('Bushra Ansari',       '03111234618', 'bushra.ansari@hotmail.com'),
('Imtiaz Ali',          '03211234619', 'imtiaz.ali@gmail.com'),
('Sehrish Waqar',       '03341234620', 'sehrish.waqar@gmail.com'),
('Mohsin Abbas',        '03451234621', 'mohsin.abbas@yahoo.com'),
('Areeba Habib',        '03061234622', 'areeba.habib@gmail.com'),
('Umair Jaswal',        '03121234623', 'umair.jaswal@gmail.com'),
('Zunaira Malik',       '03221234624', 'zunaira.malik@outlook.com'),
('Fawad Khan',          '03431234625', 'fawad.khan@gmail.com'),
('Nida Yasir',          '03051234626', 'nida.yasir@yahoo.com'),
('Asim Azhar',          '03001234627', 'asim.azhar@gmail.com'),
('Humaima Malik',       '03111234628', 'humaima.malik@gmail.com'),
('Bilal Saeed',         '03211234629', 'bilal.saeed@gmail.com'),
('Sonya Hussyn',        '03341234630', 'sonya.hussyn@hotmail.com'),
('Yasir Shah',          '03451234631', 'yasir.shah@gmail.com'),
('Mahira Khan',         '03061234632', 'mahira.khan@yahoo.com'),
('Shahzaib Hassan',     '03121234633', 'shahzaib.h@gmail.com'),
('Minal Khan',          '03221234634', 'minal.khan@gmail.com'),
('Azan Sami',           '03431234635', 'azan.sami@outlook.com'),
('Hania Amir',          '03051234636', 'hania.amir@gmail.com'),
('Ahad Raza',           '03001234637', 'ahad.raza@yahoo.com'),
('Saboor Ali',          '03111234638', 'saboor.ali@gmail.com'),
('Muneeb Butt',         '03211234639', 'muneeb.butt@gmail.com'),
('Dua Malik',           '03341234640', 'dua.malik@gmail.com'),
('Affan Waheed',        '03451234641', 'affan.waheed@hotmail.com'),
('Yashma Gill',         '03061234642', 'yashma.gill@gmail.com'),
('Zara Noor',           '03121234643', 'zara.noor@yahoo.com'),
('Feroze Khan',         '03221234644', 'feroze.khan@gmail.com'),
('Sarwat Gilani',       '03431234645', 'sarwat.gilani@gmail.com'),
('Mikaal Zulfiqar',     '03051234646', 'mikaal.z@outlook.com');

INSERT INTO product (product_name, price, category_id, stocks) VALUES
('Samsung 55" 4K Smart TV',          189999.00,  1, 25),
('LG 43" Full HD LED TV',             89999.00,  1, 40),
('Dell Inspiron 15 Laptop',          149999.00,  1, 15),
('HP Pavilion 14 Laptop',            119999.00,  1, 20),
('Sony PlayStation 5',               119999.00,  1, 10),
('Canon EOS R50 Camera',             149999.00,  1,  8),
('JBL Bluetooth Speaker',             14999.00,  1, 60),
('Xiaomi Smart Air Purifier',         29999.00,  1, 30),
('Haier 1.5 Ton Split AC',           109999.00,  1, 18),
('Kenwood Microwave Oven',            19999.00,  1, 35),
('Samsung Galaxy S24',               199999.00,  2, 30),
('iPhone 15 Pro Max',                399999.00,  2, 12),
('Xiaomi Redmi Note 13',              59999.00,  2, 80),
('OPPO A78',                          54999.00,  2, 65),
('Vivo Y36',                          49999.00,  2, 70),
('Realme C67',                        37999.00,  2, 90),
('OnePlus 12',                       199999.00,  2, 20),
('Nokia G42',                         34999.00,  2, 45),
('Tecno Camon 20',                    44999.00,  2, 55),
('Samsung Galaxy A55',               109999.00,  2, 40),
('UGREEN 65W GaN Charger',             4999.00,  2,150),
('Anker PowerCore 20000mAh',          12999.00,  2, 80),
('Tempered Glass Screen Protector',     599.00,  2,300),
('Spigen Slim Armor Case',             2499.00,  2,200),
('Bonanza Satrangi Lawn Suit 3pc',     4999.00,  3,120),
('Khaadi Unstitched Fabric 2pc',       3499.00,  3,100),
('Gul Ahmed Summer Collection Suit',   5499.00,  3, 90),
('J. Junaid Jamshed Kurta',            2999.00,  3,150),
('Sapphire Western Dress',             5999.00,  3, 60),
('Alkaram Winter Shawl',               3999.00,  3, 80),
('Ideas Mens Polo T-Shirt',           1499.00,  3,200),
('Generation Women Kurti',             2799.00,  3,130),
('Nike Air Max 270',                  29999.00,  4, 50),
('Adidas Ultraboost 22',              31999.00,  4, 45),
('Servis Men Leather Chappals',        2999.00,  4,180),
('Stylo Ladies Heels',                 3999.00,  4,100),
('Bata School Shoes',                  4499.00,  4,120),
('Borjan Casual Sneakers',             5999.00,  4, 90),
('Hush Puppies Loafers',              12999.00,  4, 60),
('Dawlance Refrigerator 16 Cu Ft',   109999.00,  5, 15),
('Haier Front Load Washing Machine',  99999.00,  5, 12),
('National Pressure Cooker 7L',        7999.00,  5, 80),
('Cambridge Non-Stick Cookware Set',  14999.00,  5, 40),
('Anex Electric Kettle 1.8L',          3499.00,  5,100),
('Westpoint Hand Mixer',               4499.00,  5, 70),
('Super Asia Room Cooler',            34999.00,  5, 25),
('Philips Air Fryer 4.1L',            29999.00,  5, 35),
('Urdu Digest Monthly Subscription',    999.00,  6,200),
('O Level Chemistry by Atkins',        2499.00,  6,150),
('Python Crash Course 3rd Ed',         3999.00,  6, 80),
('Alif by Umera Ahmed (Novel)',         799.00,  6,250),
('Rumi  -  Masnawi (Urdu Translation)',  1499.00,  6,120),
('Camlin Colour Pencil Set 48pcs',     1199.00,  6,180),
('Ponds Age Miracle Cream 50g',       1999.00,  7,200),
('Loreal Paris Revitalift Serum',      4999.00,  7, 80),
('Dove Deeply Nourishing Body Lotion', 1299.00,  7,250),
('Gillette Fusion5 Razor',             2499.00,  7,150),
('Keune Care Vital Nutrition Shampoo', 1799.00,  7,120),
('Maybelline Fit Me Foundation',       2299.00,  7,100),
('Cosco Cricket Bat (Kashmir Willow)',  4999.00,  8, 60),
('Slazenger Football Size 5',          2499.00,  8,100),
('Reebok Gym Gloves',                  2999.00,  8, 80),
('Skipping Rope with Counter',          999.00,  8,200),
('Yoga Mat 6mm Non-Slip',              2499.00,  8,150),
('Vector X Badminton Set',             3999.00,  8, 70),
('Nescafe Classic 200g Jar',           2499.00,  9,300),
('Olpers Full Cream Milk 1L x6',      1499.00,  9,500),
('Shan Biryani Masala Box of 6',        999.00,  9,400),
('Rafhan Custard Powder 300g',          499.00,  9,350),
('Tapal Danedar 900g Tea',             2199.00,  9,250),
('Sunsilk Shampoo 380ml',               799.00,  9,300),
('LEGO Classic Creative Bricks',      11999.00, 10, 40),
('Barbie Dreamhouse Playset',         24999.00, 10, 20),
('Hot Wheels 20-Car Gift Pack',        4999.00, 10, 80),
('Funskool Ludo & Snakes Board Game',  1499.00, 10,150),
('Remote Control Car 1:16 Scale',      5999.00, 10, 60),
('Interwood Study Table with Shelves', 29999.00, 11, 10),
('Molty Foam Plus Mattress Single',    24999.00, 11, 15),
('Master Molty Spring Mattress Double',49999.00, 11,  8),
('Wooden Dining Table 6-Seater',       89999.00, 11,  5),
('Rexine Sofa Set 5-Seater',           79999.00, 11,  6),
('Shell Helix Ultra Engine Oil 4L',    5999.00, 12, 80),
('Meguiars Car Wax Polish 311g',      3999.00, 12, 60),
('Bosch Car Battery 55Ah',            15999.00, 12, 30),
('Michelin Tyre 175/65 R14',          18999.00, 12, 25),
('Disprin Aspirin 100 Tablets',         499.00, 13,500),
('Centrum Multivitamin 30 Tablets',    2999.00, 13,200),
('Dettol Antiseptic Liquid 500ml',     1299.00, 13,300),
('Accu-Chek Glucometer Kit',          12999.00, 13, 50),
('Gold Plated Bangles Set of 6',       3999.00, 14, 80),
('Silver Ring with Zircon Stone',      2499.00, 14,100),
('Pearl Necklace Set',                 5999.00, 14, 40),
('Samsonite Laptop Backpack 15.6"',   12999.00, 15, 50),
('Cambridge Ladies Handbag',           6999.00, 15, 70),
('Polo Ralph Lauren Duffle Bag',      24999.00, 15, 25);

INSERT INTO address (customer_id, address_line1, address_line2, postal_code) VALUES
(1,  'House 12, Street 4, DHA Phase 5',      'Lahore Cantt',             '54000'),
(1,  'Plot 3, Gulberg III',                  'Main Boulevard',           '54000'),
(2,  'Flat 7B, Clifton Block 8',             'near Sea View',            '75500'),
(3,  'House 45, F-7/2',                      'Islamabad',                '44000'),
(4,  'House 9, Hayatabad Phase 3',           'Peshawar',                 '25000'),
(5,  'House 22, New Multan Colony',          'Multan',                   '60000'),
(6,  'House 101, Madina Town',               'Faisalabad',               '38000'),
(7,  'Flat 3, Latifabad Unit 6',             'Hyderabad',                '76000'),
(8,  'House 55, LUMS Road',                  'DHA Lahore',               '54000'),
(9,  'House 78, Model Town Extension',       'Lahore',                   '54000'),
(10, 'House 3, Block B, North Karachi',      'Karachi',                  '75500'),
(11, 'Plot 12, G-9/4',                       'Islamabad',                '44000'),
(12, 'House 6, Phase 2 DHA',                 'Karachi',                  '75500'),
(13, 'House 33, Cantt Area',                 'Rawalpindi',               '45000'),
(14, 'House 17, Gulshan-e-Iqbal',            'Karachi',                  '75500'),
(15, 'House 90, Samanabad',                  'Lahore',                   '54000'),
(16, 'House 4, Gulberg Residencia',          'Islamabad',                '44000'),
(17, 'House 200, Model Colony',              'Karachi',                  '75500'),
(18, 'House 15, Askari 10',                  'Lahore',                   '54000'),
(19, 'House 7, Officers Colony',             'Rawalpindi',               '45000'),
(20, 'Plot 88, Bahria Town Phase 4',         'Rawalpindi',               '45000'),
(21, 'House 44, Gulshan-e-Ravi',             'Lahore',                   '54000'),
(22, 'House 13, Block H, PECHS',             'Karachi',                  '75500'),
(23, 'House 5, Sector H-13',                 'Islamabad',                '44000'),
(24, 'House 2, Jinnah Colony',               'Faisalabad',               '38000'),
(25, 'House 56, Cantt Colony',               'Gujranwala',               '46000'),
(26, 'Flat 9, Al-Noor Apartments',           'Karachi',                  '75500'),
(27, 'House 34, People Colony',              'Faisalabad',               '38000'),
(28, 'House 11, Johar Town',                 'Lahore',                   '54000'),
(29, 'House 67, G-15/1',                     'Islamabad',                '44000'),
(30, 'House 23, Satellite Town',             'Rawalpindi',               '45000'),
(31, 'House 8, Iqbal Park',                  'Lahore',                   '54000'),
(32, 'Plot 5, Malir Halt',                   'Karachi',                  '75500'),
(33, 'House 19, I-8/3',                      'Islamabad',                '44000'),
(34, 'House 71, Shadman',                    'Lahore',                   '54000'),
(35, 'House 3, College Road',                'Multan',                   '60000'),
(36, 'House 41, Hayatabad Phase 6',          'Peshawar',                 '25000'),
(37, 'House 6, Gul Bahar Colony',            'Peshawar',                 '25000'),
(38, 'House 99, Gulshan-e-Hadeed',           'Karachi',                  '75500'),
(39, 'House 16, Satellite Town',             'Gujranwala',               '46000'),
(40, 'Plot 77, Bahria Town Karachi',         'Super Highway',            '75500'),
(41, 'House 28, Sialkot Cantt',              'Sialkot',                  '47600'),
(42, 'House 2, Wapda Town Phase 1',          'Lahore',                   '54000'),
(43, 'House 9, Khayaban-e-Bukhari',          'Karachi',                  '75500'),
(44, 'House 55, Chaklala Scheme 3',          'Rawalpindi',               '45000'),
(45, 'House 14, Shah Rukn-e-Alam Colony',    'Multan',                   '60000'),
(46, 'House 31, Gulberg',                    'Lahore',                   '54000'),
(47, 'House 7, Liaquat Colony',              'Faisalabad',               '38000'),
(48, 'House 62, Model Town',                 'Lahore',                   '54000'),
(49, 'House 18, Engineers Town',             'Lahore',                   '54000'),
(50, 'Plot 44, Surjani Town',                'Karachi',                  '75500'),
(51, 'House 5, PWD Housing Society',         'Islamabad',                '44000'),
(52, 'House 21, Block A, Punjab Colony',     'Karachi',                  '75500'),
(53, 'House 9, Chaudhry Colony',             'Sialkot',                  '47600'),
(54, 'House 36, Gulshan-e-Iqbal',            'Lahore',                   '54000'),
(55, 'House 8, Qasimabad',                   'Hyderabad',                '76000'),
(56, 'House 45, Cantt',                      'Quetta',                   '87300'),
(57, 'House 3, Gulshan Colony',              'Sukkur',                   '67000'),
(58, 'House 77, DHA Phase 1',                'Lahore',                   '54000'),
(59, 'Plot 12, Larkana Centre',              'Larkana',                  '66000'),
(60, 'House 23, Officers Colony',            'Bahawalpur',               '58000'),
(61, 'House 51, Chenab Town',                'Gujrat',                   '51000'),
(62, 'House 9, Satellite Town B Block',      'Rawalpindi',               '45000'),
(63, 'House 4, Railway Housing Society',     'Lahore',                   '54000'),
(64, 'Flat 12, Askari 5',                    'Karachi',                  '75500'),
(65, 'House 18, E-11/2',                     'Islamabad',                '44000'),
(66, 'House 7, Korangi',                     'Karachi',                  '75500'),
(67, 'House 33, Gulshan-e-Ravi',             'Lahore',                   '54000'),
(68, 'House 6, Muslim Town',                 'Lahore',                   '54000'),
(69, 'House 44, Cantt',                      'Rawalpindi',               '45000'),
(70, 'House 2, Shah Jamal',                  'Lahore',                   '54000'),
(71, 'House 19, Airport Road',               'Islamabad',                '44000'),
(72, 'House 30, Lines Area',                 'Karachi',                  '75500'),
(73, 'House 11, Sanda Road',                 'Lahore',                   '54000'),
(74, 'Plot 5, Sargodha Road',                'Faisalabad',               '38000'),
(75, 'House 8, Jhang Saddar',                'Jhang',                    '33000'),
(76, 'House 16, Azad Kashmir Colony',        'Muzaffarabad',             '10000'),
(77, 'House 3, Mirpur City Centre',          'Mirpur',                   '13000'),
(78, 'House 55, Sahiwal Cantt',              'Sahiwal',                  '57000'),
(79, 'House 7, Sadar Bazar',                 'Quetta',                   '87300'),
(80, 'House 22, Karkhano Market Area',       'Peshawar',                 '25000'),
(1,  'Office 5, MM Alam Road',               'Gulberg, Lahore',          '54000'),
(5,  'Shop 3, Hussain Agahi Bazar',          'Multan',                   '60000'),
(12, 'Flat 2B, Zamzama',                     'Karachi',                  '75500'),
(20, 'House 10, Bahria Phase 7',             'Rawalpindi',               '45000'),
(28, 'House 4, Township Sector B2',          'Lahore',                   '54000'),
(33, 'House 6, G-10 Markaz',                 'Islamabad',                '44000'),
(39, 'House 12, Trust Colony',               'Gujranwala',               '46000'),
(45, 'Plot 9, Bosan Road',                   'Multan',                   '60000'),
(50, 'House 3, Federal B Area',              'Karachi',                  '75500'),
(58, 'House 11, Phase 6 DHA',                'Lahore',                   '54000'),
(62, 'Plot 7, Westridge',                    'Rawalpindi',               '45000'),
(66, 'House 4, Landhi',                      'Karachi',                  '75500'),
(70, 'House 8, Gulberg II',                  'Lahore',                   '54000'),
(75, 'House 3, Canal View',                  'Lahore',                   '54000'),
(77, 'House 14, New Mirpur',                 'Mirpur',                   '13000'),
(79, 'House 22, Jinnah Road',                'Quetta',                   '87300'),
(80, 'House 5, University Road',             'Peshawar',                 '25000'),
(3,  'House 9, Blue Area',                   'Islamabad',                '44000'),
(7,  'House 44, Auto Bahn Road',             'Hyderabad',                '76000'),
(11, 'House 6, F-10/3',                      'Islamabad',                '44000');

INSERT INTO cart (customer_id) VALUES
(1),(2),(3),(4),(5),(6),(7),(8),(9),(10),
(11),(12),(13),(14),(15),(16),(17),(18),(19),(20),
(21),(22),(23),(24),(25),(26),(27),(28),(29),(30),
(31),(32),(33),(34),(35),(36),(37),(38),(39),(40),
(41),(42),(43),(44),(45),(46),(47),(48),(49),(50),
(51),(52),(53),(54),(55),(56),(57),(58),(59),(60),
(61),(62),(63),(64),(65),(66),(67),(68),(69),(70),
(71),(72),(73),(74),(75),(76),(77),(78),(79),(80);

INSERT INTO `order` (customer_id, order_date, total_amount, order_status, shipping_id) VALUES
(1,  '2024-01-05', 204998.00, 'Delivered',   4),
(2,  '2024-01-07', 399999.00, 'Delivered',   2),
(3,  '2024-01-10', 62498.00,  'Delivered',   1),
(4,  '2024-01-12', 54999.00,  'Delivered',   1),
(5,  '2024-01-15', 149999.00, 'Delivered',   3),
(6,  '2024-01-18', 5998.00,   'Delivered',   4),
(7,  '2024-01-20', 14999.00,  'Delivered',   1),
(8,  '2024-01-22', 4999.00,   'Delivered',   4),
(9,  '2024-01-25', 109999.00, 'Delivered',   2),
(10, '2024-01-28', 29999.00,  'Delivered',   1),
(11, '2024-02-01', 199999.00, 'Delivered',   2),
(12, '2024-02-03', 59999.00,  'Delivered',   1),
(13, '2024-02-05', 37999.00,  'Delivered',   4),
(14, '2024-02-08', 119999.00, 'Delivered',   3),
(15, '2024-02-10', 3499.00,   'Delivered',   1),
(16, '2024-02-12', 14999.00,  'Delivered',   4),
(17, '2024-02-15', 109999.00, 'Delivered',   2),
(18, '2024-02-18', 24999.00,  'Delivered',   1),
(19, '2024-02-20', 2499.00,   'Delivered',   4),
(20, '2024-02-22', 49999.00,  'Delivered',   1),
(21, '2024-02-25', 5499.00,   'Delivered',   4),
(22, '2024-03-01', 29999.00,  'Delivered',   2),
(23, '2024-03-03', 12999.00,  'Delivered',   1),
(24, '2024-03-05', 4999.00,   'Delivered',   4),
(25, '2024-03-08', 34999.00,  'Delivered',   1),
(26, '2024-03-10', 189999.00, 'Delivered',   3),
(27, '2024-03-12', 2499.00,   'Delivered',   4),
(28, '2024-03-15', 79999.00,  'Delivered',   2),
(29, '2024-03-18', 3999.00,   'Delivered',   1),
(30, '2024-03-20', 119999.00, 'Delivered',   3),
(31, '2024-03-22', 1499.00,   'Delivered',   4),
(32, '2024-03-25', 15999.00,  'Delivered',   1),
(33, '2024-04-01', 5999.00,   'Delivered',   4),
(34, '2024-04-03', 149999.00, 'Delivered',   2),
(35, '2024-04-05', 24999.00,  'Delivered',   1),
(36, '2024-04-08', 89999.00,  'Delivered',   3),
(37, '2024-04-10', 4999.00,   'Delivered',   4),
(38, '2024-04-12', 2999.00,   'Delivered',   1),
(39, '2024-04-15', 199999.00, 'Delivered',   2),
(40, '2024-04-18', 12999.00,  'Delivered',   4),
(41, '2024-04-20', 3999.00,   'Delivered',   1),
(42, '2024-04-22', 109999.00, 'Delivered',   3),
(43, '2024-04-25', 5999.00,   'Delivered',   4),
(44, '2024-05-01', 29999.00,  'Delivered',   2),
(45, '2024-05-03', 14999.00,  'Delivered',   1),
(46, '2024-05-05', 2499.00,   'Delivered',   4),
(47, '2024-05-08', 37999.00,  'Delivered',   1),
(48, '2024-05-10', 4999.00,   'Delivered',   4),
(49, '2024-05-12', 2299.00,   'Delivered',   1),
(50, '2024-05-15', 99999.00,  'Delivered',   2),
(51, '2024-05-18', 119999.00, 'Processing',  1),
(52, '2024-05-20', 5999.00,   'Processing',  4),
(53, '2024-05-22', 49999.00,  'Shipped',     3),
(54, '2024-05-25', 3999.00,   'Shipped',     1),
(55, '2024-06-01', 189999.00, 'Processing',  2),
(56, '2024-06-03', 24999.00,  'Shipped',     1),
(57, '2024-06-05', 14999.00,  'Pending',     4),
(58, '2024-06-08', 109999.00, 'Pending',     3),
(59, '2024-06-10', 2999.00,   'Processing',  1),
(60, '2024-06-12', 34999.00,  'Shipped',     2),
(61, '2024-06-15', 12999.00,  'Delivered',   1),
(62, '2024-06-18', 4999.00,   'Delivered',   4),
(63, '2024-06-20', 79999.00,  'Delivered',   2),
(64, '2024-06-22', 5999.00,   'Delivered',   1),
(65, '2024-07-01', 29999.00,  'Delivered',   4),
(66, '2024-07-03', 149999.00, 'Delivered',   3),
(67, '2024-07-05', 3999.00,   'Delivered',   1),
(68, '2024-07-08', 119999.00, 'Delivered',   2),
(69, '2024-07-10', 5999.00,   'Delivered',   4),
(70, '2024-07-12', 2499.00,   'Delivered',   1),
(71, '2024-07-15', 199999.00, 'Processing',  2),
(72, '2024-07-18', 12999.00,  'Shipped',     1),
(73, '2024-07-20', 4999.00,   'Delivered',   4),
(74, '2024-07-22', 89999.00,  'Delivered',   3),
(75, '2024-07-25', 1499.00,   'Delivered',   1),
(76, '2024-08-01', 24999.00,  'Delivered',   4),
(77, '2024-08-03', 5999.00,   'Delivered',   1),
(78, '2024-08-05', 3999.00,   'Delivered',   4),
(79, '2024-08-08', 109999.00, 'Delivered',   2),
(80, '2024-08-10', 29999.00,  'Delivered',   1),
(1,  '2024-08-12', 59999.00,  'Delivered',   1),
(3,  '2024-08-15', 14999.00,  'Delivered',   4),
(5,  '2024-08-18', 4999.00,   'Delivered',   1),
(8,  '2024-08-20', 2499.00,   'Delivered',   4),
(12, '2024-08-22', 37999.00,  'Delivered',   2),
(15, '2024-09-01', 5999.00,   'Delivered',   1),
(20, '2024-09-03', 189999.00, 'Delivered',   3),
(22, '2024-09-05', 12999.00,  'Delivered',   4),
(25, '2024-09-08', 3499.00,   'Delivered',   1),
(28, '2024-09-10', 29999.00,  'Delivered',   2),
(30, '2024-09-12', 4999.00,   'Delivered',   4),
(33, '2024-09-15', 149999.00, 'Delivered',   3),
(35, '2024-09-18', 2999.00,   'Delivered',   1),
(40, '2024-09-20', 119999.00, 'Delivered',   2),
(42, '2024-09-22', 5999.00,   'Delivered',   4),
(45, '2024-10-01', 34999.00,  'Delivered',   1),
(48, '2024-10-03', 14999.00,  'Delivered',   4),
(50, '2024-10-05', 2499.00,   'Delivered',   1),
(55, '2024-10-08', 79999.00,  'Processing',  2),
(58, '2024-10-10', 5999.00,   'Shipped',     4),
(60, '2024-10-12', 24999.00,  'Processing',  1),
(62, '2024-10-15', 109999.00, 'Pending',     3),
(65, '2024-10-18', 3999.00,   'Delivered',   4),
(68, '2024-10-20', 12999.00,  'Delivered',   1),
(70, '2024-10-22', 4999.00,   'Delivered',   4),
(72, '2024-11-01', 199999.00, 'Cancelled',   2),
(75, '2024-11-03', 5999.00,   'Cancelled',   1),
(78, '2024-11-05', 2999.00,   'Delivered',   4),
(2,  '2024-11-08', 189999.00, 'Processing',  3),
(10, '2024-11-10', 14999.00,  'Delivered',   1);

INSERT INTO cart_item (cart_id, product_id, quantity) VALUES
(1,  11,  1),(1,  22,  1),(1,  54, 2),
(2,  12,  1),(2,  61,  1),
(3,  13,  2),(3,  51,  1),(3,  69, 1),
(4,  14,  1),(4,  35,  1),
(5,   3,  1),(5,  25,  2),
(6,  26,  1),(6,  57,  1),(6,  73, 3),
(7,  30,  1),(7,  58,  2),
(8,  31,  3),(8,  65,  1),
(9,   9,  1),(9,  43,  1),
(10,  8,  1),(10, 64,  1),(10, 72, 2),
(11, 11,  1),(11, 24,  1),
(12, 13,  1),(12, 62,  2),
(13, 16,  2),(13, 67,  1),
(14,  4,  1),(14, 45,  1),
(15, 44,  1),(15, 55,  1),
(16, 46,  2),(16, 77,  1),
(17,  9,  1),(17, 42,  1),
(18, 18,  1),(18, 81,  1),
(19, 19,  2),(19, 56,  1),
(20,  5,  1),(20, 53,  1),(20, 74, 1),
(21, 27,  1),(21, 60,  2),
(22, 33,  1),(22, 75,  1),
(23, 23,  2),(23, 82,  1),
(24, 37,  1),(24, 48,  1),
(25, 47,  1),(25, 68,  2),
(26,  1,  1),(26, 28,  1),
(27, 19,  1),(27, 71,  1),(27, 94, 1),
(28, 80,  1),(28, 50,  2),
(29, 29,  1),(29, 66,  1),
(30,  4,  1),(30, 39,  1),(30, 85, 1),
(31, 31,  4),(31, 76,  1),
(32, 91,  1),(32, 52,  2),
(33, 34,  1),(33, 70,  1),
(34,  3,  1),(34, 49,  1),
(35, 18,  1),(35, 83,  2),
(36,  2,  1),(36, 59,  1),
(37, 37,  1),(37, 78,  1),(37,  6, 2),
(38, 38,  2),(38, 63,  1),
(39, 11,  1),(39, 20,  1),
(40, 23,  3),(40, 40,  1),
(41, 41,  1),(41, 86,  1),
(42,  9,  1),(42, 44,  1),
(43, 34,  1),(43, 93,  2),
(44, 33,  1),(44, 79,  1),
(45, 45,  2),(45, 54,  1),
(46, 19,  1),(46, 72,  2),(46, 88, 1),
(47, 16,  1),(47,  7,  1),
(48, 37,  1),(48, 84,  1),
(49, 56,  2),(49, 61,  1),
(50, 41,  1),(50, 46,  1),
(51,  4,  1),(51, 68,  2),
(52, 34,  1),(52, 95,  1),
(53,  5,  1),(53, 73,  2),
(54, 28,  1),(54, 87,  1),
(55,  1,  1),(55, 22,  1),(55, 57, 1),
(56, 18,  1),(56, 76,  2),
(57, 45,  1),(57, 69,  1),
(58,  9,  1),(58, 80,  1),
(59, 31,  2),(59, 66,  1),
(60, 47,  1),(60, 92,  1),
(61, 23,  2),(61, 53,  1),
(62, 37,  1),(62, 74,  1),
(63, 80,  1),(63, 10,  1),(63, 25, 1),
(64, 34,  1),(64, 64,  2),
(65, 33,  1),(65, 77,  1),
(66,  3,  1),(66, 49,  1),
(67, 28,  2),(67, 55,  1),
(68,  4,  1),(68, 40,  1),(68, 91, 1),
(69, 34,  1),(69, 67,  2),
(70, 19,  1),(70, 82,  1),
(71, 11,  1),(71, 46,  1),
(72, 23,  3),(72, 59,  1),
(73, 37,  1),(73, 75,  2),
(74,  2,  1),(74, 88,  1),
(75, 31,  2),(75, 62,  1),
(76, 18,  1),(76, 79,  1),
(77, 34,  1),(77,  6,  1),
(78, 28,  1),(78, 83,  2),
(79,  9,  1),(79, 44,  1),
(80, 33,  1),(80, 70,  1);

INSERT INTO order_item (order_id, product_id, quantity, price) VALUES
(1,   1,  1, 189999.00),(1,  22,  1, 12999.00),
(2,  12,  1, 399999.00),
(3,  13,  1,  59999.00),(3,  23,  2,   599.00),
(4,  14,  1,  54999.00),
(5,   3,  1, 149999.00),
(6,  26,  1,   3499.00),(6,  57,  1,  1799.00),(6, 73, 1, 499.00),
(7,  30,  1,   3999.00),(7,  46,  1,  3499.00),(7, 45, 1, 2499.00),
(8,  25,  2,   4999.00),
(9,   9,  1, 109999.00),
(10,  8,  1,  29999.00),
(11, 11,  1, 199999.00),
(12, 13,  1,  59999.00),
(13, 16,  2,  37999.00),
(14,  4,  1, 119999.00),
(15, 44,  1,   3499.00),
(16, 46,  2,   3499.00),(16, 16, 1, 7999.00),
(17,  9,  1, 109999.00),
(18, 18,  1,  24999.00),
(19, 19,  2,  49999.00),
(20,  5,  1, 119999.00),
(21, 27,  1,   5499.00),
(22, 33,  1,  29999.00),
(23, 23,  2,    599.00),(23, 24,  1,  2499.00),(23,  7, 1, 14999.00),
(24, 37,  1,   4999.00),
(25, 47,  1,  34999.00),
(26,  1,  1, 189999.00),
(27, 19,  1,  49999.00),
(28, 80,  1,  79999.00),
(29, 29,  1,   3999.00),
(30,  4,  1, 119999.00),
(31, 31,  1,   1499.00),
(32, 91,  1,  15999.00),
(33, 34,  1,   5999.00),
(34,  3,  1, 149999.00),
(35, 18,  1,  24999.00),
(36,  2,  1,  89999.00),
(37, 37,  1,   4999.00),
(38, 38,  2,   2999.00),
(39, 11,  1, 199999.00),
(40, 23,  3,    599.00),(40,  7,  1,  14999.00),
(41, 41,  1,   3999.00),
(42,  9,  1, 109999.00),
(43, 34,  1,   5999.00),
(44, 33,  1,  29999.00),
(45, 45,  2,   2499.00),(45, 44,  1,   3499.00),
(46, 19,  1,  49999.00),
(47, 16,  1,  37999.00),
(48, 37,  1,   4999.00),
(49, 56,  2,   1799.00),
(50, 41,  1,  99999.00),
(51,  4,  1, 119999.00),
(52, 34,  1,   5999.00),
(53,  5,  1,  49999.00),
(54, 28,  1,   3999.00),
(55,  1,  1, 189999.00),
(56, 18,  1,  24999.00),
(57, 45,  1,   2499.00),(57, 46,  1,   3499.00),(57, 69, 1,  2499.00),
(58,  9,  1, 109999.00),
(59, 31,  2,   1499.00),
(60, 47,  1,  34999.00),
(61, 23,  2,    599.00),(61,  7,  1,  14999.00),
(62, 37,  1,   4999.00),
(63, 80,  1,  79999.00),
(64, 34,  1,   5999.00),
(65, 33,  1,  29999.00),
(66,  3,  1, 149999.00),
(67, 28,  2,   3999.00),
(68,  4,  1, 119999.00),
(69, 34,  1,   5999.00),
(70, 19,  1,  49999.00),
(71, 11,  1, 199999.00),
(72, 23,  3,    599.00),(72,  7,  1,  14999.00),
(73, 37,  1,   4999.00),
(74,  2,  1,  89999.00),
(75, 31,  2,   1499.00),
(76, 18,  1,  24999.00),
(77, 34,  1,   5999.00),
(78, 28,  1,   3999.00),
(79,  9,  1, 109999.00),
(80, 33,  1,  29999.00),
(81, 13,  1,  59999.00),
(82, 46,  1,   3499.00),(82, 16,  1,  37999.00),
(83, 37,  1,   4999.00),
(84, 19,  1,  49999.00),
(85, 31,  4,   1499.00),
(86,  1,  1, 189999.00),
(87, 37,  1,   4999.00),(87, 77, 1,   2999.00),
(88, 13,  1,  37999.00),
(89, 11,  1, 199999.00),
(90, 23,  3,    599.00),(90, 22,  1,  12999.00),
(91, 41,  1,  34999.00),
(92, 45,  2,   2499.00),
(93,  5,  1, 119999.00),
(94, 34,  1,   5999.00),
(95, 47,  1,  34999.00),
(96, 16,  1,  37999.00),
(97, 33,  1,  29999.00),
(98, 46,  2,   3499.00),
(99,  9,  1, 109999.00),
(100,  4, 1, 119999.00),
(101, 11, 1, 199999.00),
(102, 34, 1,   5999.00),
(103,  5, 1,  49999.00),
(104, 25, 1,   4999.00),(104, 57, 1, 1799.00),
(105, 80, 1,  79999.00),
(106, 16, 1,  37999.00),(106, 23, 2,   599.00),
(107, 41, 1,   3999.00),
(108,  9, 1, 109999.00),
(109, 34, 1,   5999.00),
(110, 23, 3,    599.00);

INSERT INTO payment (order_id, amount, payment_date, payment_status, payment_method) VALUES
(1,  204998.00, '2024-01-05', 'Completed', 'Credit Card'),
(2,  399999.00, '2024-01-07', 'Completed', 'Debit Card'),
(3,   62498.00, '2024-01-10', 'Completed', 'Cash on Delivery'),
(4,   54999.00, '2024-01-12', 'Completed', 'Cash on Delivery'),
(5,  149999.00, '2024-01-15', 'Completed', 'Credit Card'),
(6,    5998.00, '2024-01-18', 'Completed', 'Cash on Delivery'),
(7,   14999.00, '2024-01-20', 'Completed', 'Cash on Delivery'),
(8,    4999.00, '2024-01-22', 'Completed', 'Cash on Delivery'),
(9,  109999.00, '2024-01-25', 'Completed', 'Debit Card'),
(10,  29999.00, '2024-01-28', 'Completed', 'Cash on Delivery'),
(11, 199999.00, '2024-02-01', 'Completed', 'Credit Card'),
(12,  59999.00, '2024-02-03', 'Completed', 'Cash on Delivery'),
(13,  37999.00, '2024-02-05', 'Completed', 'Cash on Delivery'),
(14, 119999.00, '2024-02-08', 'Completed', 'Credit Card'),
(15,   3499.00, '2024-02-10', 'Completed', 'Cash on Delivery'),
(16,  14999.00, '2024-02-12', 'Completed', 'Cash on Delivery'),
(17, 109999.00, '2024-02-15', 'Completed', 'Debit Card'),
(18,  24999.00, '2024-02-18', 'Completed', 'Cash on Delivery'),
(19,   2499.00, '2024-02-20', 'Completed', 'Cash on Delivery'),
(20,  49999.00, '2024-02-22', 'Completed', 'PayPal'),
(21,   5499.00, '2024-02-25', 'Completed', 'Cash on Delivery'),
(22,  29999.00, '2024-03-01', 'Completed', 'Credit Card'),
(23,  12999.00, '2024-03-03', 'Completed', 'Cash on Delivery'),
(24,   4999.00, '2024-03-05', 'Completed', 'Cash on Delivery'),
(25,  34999.00, '2024-03-08', 'Completed', 'Debit Card'),
(26, 189999.00, '2024-03-10', 'Completed', 'Credit Card'),
(27,   2499.00, '2024-03-12', 'Completed', 'Cash on Delivery'),
(28,  79999.00, '2024-03-15', 'Completed', 'Debit Card'),
(29,   3999.00, '2024-03-18', 'Completed', 'Cash on Delivery'),
(30, 119999.00, '2024-03-20', 'Completed', 'Credit Card'),
(31,   1499.00, '2024-03-22', 'Completed', 'Cash on Delivery'),
(32,  15999.00, '2024-03-25', 'Completed', 'Debit Card'),
(33,   5999.00, '2024-04-01', 'Completed', 'Cash on Delivery'),
(34, 149999.00, '2024-04-03', 'Completed', 'Credit Card'),
(35,  24999.00, '2024-04-05', 'Completed', 'Cash on Delivery'),
(36,  89999.00, '2024-04-08', 'Completed', 'Debit Card'),
(37,   4999.00, '2024-04-10', 'Completed', 'Cash on Delivery'),
(38,   2999.00, '2024-04-12', 'Completed', 'Cash on Delivery'),
(39, 199999.00, '2024-04-15', 'Completed', 'Credit Card'),
(40,  12999.00, '2024-04-18', 'Completed', 'Cash on Delivery'),
(41,   3999.00, '2024-04-20', 'Completed', 'Cash on Delivery'),
(42, 109999.00, '2024-04-22', 'Completed', 'Debit Card'),
(43,   5999.00, '2024-04-25', 'Completed', 'Cash on Delivery'),
(44,  29999.00, '2024-05-01', 'Completed', 'Credit Card'),
(45,  14999.00, '2024-05-03', 'Completed', 'Cash on Delivery'),
(46,   2499.00, '2024-05-05', 'Completed', 'Cash on Delivery'),
(47,  37999.00, '2024-05-08', 'Completed', 'Debit Card'),
(48,   4999.00, '2024-05-10', 'Completed', 'Cash on Delivery'),
(49,   2299.00, '2024-05-12', 'Completed', 'Cash on Delivery'),
(50,  99999.00, '2024-05-15', 'Completed', 'Credit Card'),
(51, 119999.00, '2024-05-18', 'Pending',   'Cash on Delivery'),
(52,   5999.00, '2024-05-20', 'Pending',   'Cash on Delivery'),
(53,  49999.00, '2024-05-22', 'Completed', 'Credit Card'),
(54,   3999.00, '2024-05-25', 'Completed', 'Cash on Delivery'),
(55, 189999.00, '2024-06-01', 'Completed', 'Credit Card'),
(56,  24999.00, '2024-06-03', 'Completed', 'Debit Card'),
(57,  14999.00, '2024-06-05', 'Pending',   'Cash on Delivery'),
(58, 109999.00, '2024-06-08', 'Pending',   'Credit Card'),
(59,   2999.00, '2024-06-10', 'Completed', 'Cash on Delivery'),
(60,  34999.00, '2024-06-12', 'Completed', 'Debit Card'),
(61,  12999.00, '2024-06-15', 'Completed', 'Cash on Delivery'),
(62,   4999.00, '2024-06-18', 'Completed', 'Cash on Delivery'),
(63,  79999.00, '2024-06-20', 'Completed', 'Credit Card'),
(64,   5999.00, '2024-06-22', 'Completed', 'Cash on Delivery'),
(65,  29999.00, '2024-07-01', 'Completed', 'Cash on Delivery'),
(66, 149999.00, '2024-07-03', 'Completed', 'Credit Card'),
(67,   3999.00, '2024-07-05', 'Completed', 'Cash on Delivery'),
(68, 119999.00, '2024-07-08', 'Completed', 'Debit Card'),
(69,   5999.00, '2024-07-10', 'Completed', 'Cash on Delivery'),
(70,   2499.00, '2024-07-12', 'Completed', 'Cash on Delivery'),
(71, 199999.00, '2024-07-15', 'Completed', 'Credit Card'),
(72,  12999.00, '2024-07-18', 'Completed', 'Debit Card'),
(73,   4999.00, '2024-07-20', 'Completed', 'Cash on Delivery'),
(74,  89999.00, '2024-07-22', 'Completed', 'Credit Card'),
(75,   1499.00, '2024-07-25', 'Completed', 'Cash on Delivery'),
(76,  24999.00, '2024-08-01', 'Completed', 'Cash on Delivery'),
(77,   5999.00, '2024-08-03', 'Completed', 'Cash on Delivery'),
(78,   3999.00, '2024-08-05', 'Completed', 'Cash on Delivery'),
(79, 109999.00, '2024-08-08', 'Completed', 'Debit Card'),
(80,  29999.00, '2024-08-10', 'Completed', 'Cash on Delivery'),
(81,  59999.00, '2024-08-12', 'Completed', 'Credit Card'),
(82,  14999.00, '2024-08-15', 'Completed', 'Cash on Delivery'),
(83,   4999.00, '2024-08-18', 'Completed', 'Cash on Delivery'),
(84,   2499.00, '2024-08-20', 'Completed', 'Cash on Delivery'),
(85,  37999.00, '2024-08-22', 'Completed', 'Debit Card'),
(86,   5999.00, '2024-09-01', 'Completed', 'Cash on Delivery'),
(87, 189999.00, '2024-09-03', 'Completed', 'Credit Card'),
(88,  12999.00, '2024-09-05', 'Completed', 'Cash on Delivery'),
(89,   3499.00, '2024-09-08', 'Completed', 'Cash on Delivery'),
(90,  29999.00, '2024-09-10', 'Completed', 'Debit Card'),
(91,   4999.00, '2024-09-12', 'Completed', 'Cash on Delivery'),
(92, 149999.00, '2024-09-15', 'Completed', 'Credit Card'),
(93,   2999.00, '2024-09-18', 'Completed', 'Cash on Delivery'),
(94, 119999.00, '2024-09-20', 'Completed', 'Debit Card'),
(95,   5999.00, '2024-09-22', 'Completed', 'Cash on Delivery'),
(96,  34999.00, '2024-10-01', 'Completed', 'Cash on Delivery'),
(97,  14999.00, '2024-10-03', 'Completed', 'Cash on Delivery'),
(98,   2499.00, '2024-10-05', 'Completed', 'Cash on Delivery'),
(99,  79999.00, '2024-10-08', 'Completed', 'Credit Card'),
(100,  5999.00, '2024-10-10', 'Completed', 'Cash on Delivery'),
(101, 24999.00, '2024-10-12', 'Completed', 'Debit Card'),
(102,109999.00, '2024-10-15', 'Pending',   'Credit Card'),
(103,  3999.00, '2024-10-18', 'Completed', 'Cash on Delivery'),
(104, 12999.00, '2024-10-20', 'Completed', 'Cash on Delivery'),
(105,  4999.00, '2024-10-22', 'Completed', 'Cash on Delivery'),
(106,199999.00, '2024-11-01', 'Refunded',  'Credit Card'),
(107,  5999.00, '2024-11-03', 'Refunded',  'Cash on Delivery'),
(108,  2999.00, '2024-11-05', 'Completed', 'Cash on Delivery'),
(109,189999.00, '2024-11-08', 'Completed', 'Credit Card'),
(110, 14999.00, '2024-11-10', 'Completed', 'Cash on Delivery');

INSERT INTO review (customer_id, product_id, rating, comments) VALUES
(1,   1,  5, 'Samsung TV ki picture quality zabardast hai. Ghar main sab khush hain!'),
(1,  22,  4, 'Anker power bank bohat reliable hai. Full charge mein 3 baar phone charge hota hai.'),
(2,  12,  5, 'iPhone 15 Pro Max  -  paise wasool! Camera quality is just next level.'),
(3,  13,  4, 'Redmi Note 13 is great value for money. Battery life is excellent.'),
(3,  51,  3, 'Python book is okay, could use more local examples for Pakistani students.'),
(4,  14,  4, 'OPPO A78 is a solid mid-range phone. Display is gorgeous.'),
(5,   3,  5, 'Dell laptop bohot fast hai. Graphic design ke liye perfect.'),
(6,  26,  4, 'Khaadi fabric ki quality umdah hai. Silai ke baad suit bohat acha laga.'),
(6,  57,  5, 'Keune shampoo use karne ke baad balon mein chamak aa gayi!'),
(7,  30,  3, 'Alkaram shawl achi quality ki hai lekin colour thora faded nikla.'),
(8,  31,  4, 'Ideas polo t-shirt comfortable aur durable hai. Value for money.'),
(9,   9,  5, 'Haier AC ne ghar ko thanda kar diya Lahore ki garmi mein! Highly recommend.'),
(10,  8,  4, 'Xiaomi air purifier works great. PM2.5 readings went down significantly.'),
(11, 11,  5, 'Samsung S24 is a beast! UI is smooth, camera is outstanding.'),
(12, 13,  4, 'Redmi Note 13 offers great specs at this price point in Pakistan.'),
(13, 16,  5, 'Realme C67 bohot acha phone hai. Gaming bhi acha chala. 5 stars!'),
(14,  4,  4, 'HP Pavilion runs smoothly. Great for office work and light gaming.'),
(15, 44,  5, 'Anex kettle bohat jaldi paani garam karta hai. Kitchen essential!'),
(16, 46,  4, 'Westpoint mixer ne cake banana aasan kar diya. Works as advertised.'),
(16, 77,  4, 'Remote control car mera baita bohot enjoy kar raha hai. Recommended!'),
(17,  9,  5, 'Haier AC ki cooling is excellent. Bijli consumption bhi manageable.'),
(18, 18,  4, 'Molty foam mattress is comfortable. My back pain reduced significantly.'),
(19, 19,  3, 'Vivo Y36 is decent but camera quality is average in low light.'),
(20,  5,  5, 'PS5 gaming experience is just unreal. Worth every single rupee!'),
(21, 27,  4, 'Gul Ahmed suit quality is always consistent. Happy with purchase.'),
(22, 33,  5, 'Nike Air Max in Pakistan! Delivery was fast and product is authentic.'),
(23, 23,  4, 'Tempered glass fits perfectly on my phone. Good protection.'),
(23, 24,  5, 'Spigen case is premium quality. Dropped my phone twice, no damage!'),
(24, 37,  4, 'Bata school shoes are durable and comfortable for my kids.'),
(25, 47,  5, 'Super Asia cooler is very powerful. Perfect for Multan summers!'),
(26,  1,  4, 'TV size is perfect for our drawing room. Picture quality is superb.'),
(27, 19,  3, 'Average phone. Expected better camera for this price.'),
(28, 80,  5, 'Wooden dining table is solid and beautiful. Worth the investment.'),
(29, 29,  4, 'Sapphire dress quality is excellent. Stitching is very clean.'),
(30,  4,  5, 'HP laptop is excellent for students. Fast processing, great display.'),
(31, 31,  4, 'Ideas t-shirt is comfortable for daily wear. Good fabric.'),
(32, 91,  4, 'Bosch battery has been reliable for 2 months now. No issues.'),
(33, 34,  3, 'Hush Puppies loafers are comfortable but sizing runs a bit large.'),
(34,  3,  5, 'Dell laptop performance is outstanding. Very happy with purchase!'),
(35, 18,  4, 'Molty foam is great but delivery packaging could be improved.'),
(36,  2,  5, 'LG TV picture quality is amazing. Great buy for the price.'),
(37, 37,  4, 'Bata shoes are great value. My kids love wearing them to school.'),
(38, 38,  3, 'Chappal is okay but the stitching loosened after a month of use.'),
(39, 11,  5, 'Samsung S24 camera is mind-blowing. Love the AI features.'),
(40,  7,  5, 'JBL speaker sound quality is amazing. Perfect for outdoor use!'),
(41, 41,  4, 'Pressure cooker builds pressure fast. Cuts cooking time in half.'),
(42,  9,  5, 'Haier AC is energy efficient and cools fast. Best purchase this summer.'),
(43, 34,  4, 'Hush Puppies loafers are elegant and comfortable for office wear.'),
(44, 33,  5, 'Nike shoes are authentic and comfortable. Great buy!'),
(45, 45,  4, 'Anker power bank great. Charges phone overnight from 10% to 100%.'),
(46, 19,  4, 'Vivo Y36 has great battery life. Comfortable for daily usage.'),
(47, 16,  5, 'Realme C67 is the best budget phone in Pakistan right now!'),
(48, 37,  4, 'Bata school shoes are very durable. My son wears them daily.'),
(49, 56,  3, 'Gillette razor is okay but overpriced compared to local brands.'),
(50, 41,  5, 'Washing machine is excellent. Works quietly and efficiently.'),
(51,  4,  4, 'HP laptop is fast but the fan gets loud under heavy use.'),
(52, 34,  3, 'Loafers look good but sole quality could be better.'),
(53,  5,  5, 'PS5 is amazing! Gran Turismo looks stunning on Samsung TV.'),
(54, 28,  4, 'J. Junaid Jamshed kurta quality is excellent. Will buy again.'),
(55,  1,  5, 'Samsung 55 inch is a game-changer for our family movie nights!'),
(56, 18,  4, 'Molty foam mattress comfort level is excellent for the price.'),
(57, 45,  4, 'Anker power bank works well. Compact design is a plus.'),
(58,  9,  5, 'Haier AC  -  bohot behtareen product. AC kuch hi ghanton mein thanda kar deta hai.'),
(59, 31,  4, 'Ideas t-shirt is comfortable and price is reasonable.'),
(60, 47,  5, 'Room cooler excellent performance. Highly recommended for Punjab!'),
(61,  7,  5, 'JBL speaker sound is crystal clear. Great for parties!'),
(62, 37,  4, 'Bata school shoes wearing well. Value for money purchase.'),
(63, 80,  5, 'Dining table looks gorgeous in our dining room. Premium quality!'),
(64, 34,  4, 'Hush Puppies  -  comfortable and stylish. Good product.'),
(65, 33,  5, 'Nike shoes feel amazing. First time buying from this site, very happy.'),
(66,  3,  4, 'Dell laptop is good but could do with more RAM for multitasking.'),
(67, 28,  5, 'J. Junaid Jamshed kurta stitching quality is superb. Love it!'),
(68,  4,  5, 'HP Pavilion is a solid laptop for university students.'),
(69, 34,  3, 'Loafers are okay. Expected better quality at this price.'),
(70, 19,  4, 'Vivo Y36 has good battery backup and decent camera.'),
(71, 11,  5, 'Samsung Galaxy S24  -  best Android phone in the market right now!'),
(72,  7,  5, 'JBL speaker is excellent quality. Bass is very powerful.'),
(73, 37,  4, 'Bata shoes are reliable and affordable. Recommend for school use.'),
(74,  2,  5, 'LG TV is great for the price. Excellent picture quality.'),
(75, 31,  4, 'Ideas polo shirt is good quality and washes well.'),
(76, 18,  5, 'Molty foam mattress is very comfortable. Best sleep since years!'),
(77, 34,  3, 'Loafers are comfortable but not as durable as expected.'),
(78, 28,  4, 'J. Junaid Jamshed fabric quality is always top-notch.'),
(79,  9,  5, 'Haier AC is excellent for Quetta climate. Very efficient.'),
(80, 33,  4, 'Nike shoes are genuine and comfortable. Happy with the purchase.'),
(1,  54,  5, 'Python Crash Course is fantastic! Best programming book available.'),
(3,  69,  4, 'Yoga mat is non-slip and comfortable. Great for home workouts.'),
(5,  25,  5, 'Bonanza lawn suit quality is exceptional. Colour did not fade after wash.'),
(8,  65,  4, 'Badminton set is good quality for a family game session.'),
(12, 62,  3, 'Badminton set is okay. Racket quality is not premium grade.'),
(15, 55,  5, 'Keune shampoo is amazing. Hair feels healthier after just a week!'),
(20, 53,  4, 'Rumi Masnawi translation is very well done. Highly recommended.'),
(22, 75,  5, 'Skipping rope with counter is great. Simple and effective.'),
(25, 68,  4, 'Football is durable. Good quality for regular street play.'),
(28, 50,  5, 'Sofa set is very comfortable and looks elegant in the drawing room.'),
(30, 85,  4, 'Shell engine oil performance has been excellent for my car.'),
(33, 70,  3, 'Barbie Dreamhouse took 2 hours to assemble. Instructions confusing.'),
(35, 83,  4, 'Accu-Chek glucometer is accurate and easy to use for diabetes patients.'),
(40, 64,  5, 'Maybelline foundation has great coverage. Very satisfied!'),
(42, 44,  5, 'Anex kettle is quick and energy efficient. Daily use appliance.'),
(45, 54,  4, 'Python book is good but assumes prior programming knowledge.'),
(48, 84,  5, 'Dettol antiseptic is a household must-have. Good value pack.'),
(50, 88,  4, 'Gym gloves are comfortable. Good grip during workouts.'),
(55, 57,  5, 'Keune shampoo is worth every rupee. Salon-like results at home!'),
(58, 80,  5, 'Dining table is a masterpiece. Interwood quality never disappoints.'),
(60, 92,  4, 'Bangles set is beautiful. Great gift item.'),
(62, 74,  5, 'Sargodha road  -  Michelin tyres are excellent on motorway. Superb grip!'),
(65, 77,  4, 'RC car is very responsive. My son loves it. Battery lasts 30 mins.'),
(68, 40,  5, 'Borjan sneakers are very comfortable for daily use.'),
(70, 82,  4, 'Nescafe jar is great value. Good consistent taste every morning.'),
(72, 59,  4, 'Sialkot Road  -  Camlin colour pencils are smooth and vibrant.'),
(75, 62,  3, 'Badminton set is decent for beginners. Not for serious players.'),
(78, 83,  5, 'Accu-Chek is very accurate. Doctor recommended this glucometer.'),
(2,  12,  5, 'Second iPhone from this store. Always authentic. Highly trusted!'),
(10, 46,  4, 'Westpoint mixer is good for everyday baking needs.');
